Latitude,Longitude,Height (m),Data Rate (kbpms)
48.18183,11.613804,16.8,32.848
48.18183,11.613804,16.7,4.112
48.18183,11.613804,16.6,5.656
48.18183,11.613804,16.4,0.632
48.18183,11.613804,16.3,5.472
48.18183,11.613804,16.2,41.08
48.18183,11.613804,16.2,6.904
48.18183,11.613804,16.1,4.248
48.18183,11.613804,16,39.496
48.18183,11.613804,15.9,0
48.18183,11.613804,15.8,61.144
48.18183,11.613804,15.7,0
48.18183,11.613804,15.6,0
48.18183,11.613804,15.5,0
48.18183,11.613804,15.4,0
48.18183,11.613804,15.3,90.648
48.18183,11.613804,15.2,0
48.181831,11.613804,15.2,1.184
48.181831,11.613804,15.1,0
48.18183,11.613804,15,0
48.18183,11.613804,14.9,12.112
48.18183,11.613804,14.8,0
48.181831,11.613804,14.7,0
48.181831,11.613804,14.6,0
48.181831,11.613804,14.5,0
48.181831,11.613804,14.4,0
48.181831,11.613804,14.3,0
48.181831,11.613805,14.3,0
48.181831,11.613805,14.2,86.496
48.181831,11.613805,14.1,0
48.181831,11.613805,14,86.896
48.181831,11.613805,13.9,0
48.181831,11.613805,13.8,0
48.181831,11.613805,13.7,121.864
48.181831,11.613805,13.6,0
48.181831,11.613805,13.5,0
48.181831,11.613804,13.4,0
48.181831,11.613805,13.3,0.728
48.181831,11.613805,13.2,12.112
48.181831,11.613805,13.1,0
48.181831,11.613805,13,84.784
48.181831,11.613805,12.9,0
48.181831,11.613805,12.8,0
48.181831,11.613805,12.7,91.008
48.181832,11.613805,12.6,0
48.181831,11.613805,12.5,12.112
48.181831,11.613805,12.4,66.304
48.181831,11.613805,12.3,0
48.181831,11.613805,12.3,89.704
48.181832,11.613805,12.2,0
48.181832,11.613805,12.1,85.472
48.181832,11.613805,12,122.656
48.181832,11.613805,11.9,0
48.181832,11.613805,11.8,136.576
48.181832,11.613805,11.7,0
48.181832,11.613805,11.6,12.112
48.181832,11.613805,11.5,1.4
48.181832,11.613805,11.4,0
48.181832,11.613805,11.3,102.912
48.181832,11.613805,11.2,0.672
48.181832,11.613805,11.1,49.08
48.181832,11.613805,11,3.416
48.181832,11.613805,10.9,0
48.181832,11.613805,10.8,101.784
48.181832,11.613805,10.7,0.632
48.181832,11.613805,10.6,13.36
48.181832,11.613805,10.5,0
48.181832,11.613805,10.4,0
48.181832,11.613805,10.3,121.048
48.181833,11.613806,10.2,0
48.181833,11.613806,10.1,0.608
48.181833,11.613806,10,1.664
48.181833,11.613806,9.9,0
48.181833,11.613806,9.8,140.92
48.181833,11.613806,9.7,0
48.181833,11.613806,9.6,0
48.181833,11.613806,9.5,0
48.181833,11.613806,9.5,0
48.181833,11.613806,9.4,51.656
48.181833,11.613806,9.3,0
48.181833,11.613806,9.2,0
48.181833,11.613806,9.1,0
48.181833,11.613806,9,0
48.181833,11.613806,8.9,69.336
48.181833,11.613806,8.8,0
48.181832,11.613805,8.7,0
48.181832,11.613805,8.6,0
48.181833,11.613806,8.5,0
48.181833,11.613806,8.4,12.784
48.181833,11.613806,8.3,0
48.181833,11.613806,8.2,0
48.181833,11.613806,8.1,0
48.181833,11.613806,8,0
48.181833,11.613806,7.9,77.824
48.181833,11.613806,7.8,0
48.181833,11.613806,7.7,0
48.181833,11.613806,7.6,0
48.181833,11.613805,7.5,0
48.181833,11.613805,7.3,99.24
48.181833,11.613806,7.2,0
48.181833,11.613806,7.1,0
48.181833,11.613805,7,4.76
48.181833,11.613805,7,0
48.181833,11.613805,7,87.04
48.181833,11.613805,6.9,0
48.181833,11.613805,6.9,0
48.181833,11.613805,6.9,0
48.181833,11.613805,6.9,0
48.181833,11.613805,7,156.592
48.181833,11.613805,7,0.928
48.181833,11.613805,7,0.672
48.181833,11.613805,7,47.632
48.181833,11.613805,7,0
48.181833,11.613805,7.1,12.112
48.181833,11.613805,7.1,64.144
48.181833,11.613804,7.1,0
48.181833,11.613804,7.1,24.224
48.181833,11.613804,7.1,0
48.181833,11.613804,7.1,85.472
48.181833,11.613804,7.2,0
48.181833,11.613804,7.2,0
48.181833,11.613804,7.4,125.624
48.181833,11.613804,7.5,0
48.181833,11.613803,7.7,0
48.181833,11.613803,7.8,0
48.181833,11.613803,8,0
48.181833,11.613803,8.2,0
48.181833,11.613803,8.4,0
48.181833,11.613803,8.6,12.112
48.181833,11.613804,8.8,0.608
48.181833,11.613803,9,0
48.181833,11.613804,9.3,0
48.181833,11.613804,9.5,0
48.181833,11.613804,9.7,12.112
48.181833,11.613804,9.8,60.184
48.181833,11.613804,10,0
48.181833,11.613804,10,17.816
48.181832,11.613804,10.1,57.384
48.181832,11.613805,10.1,0
48.181832,11.613805,10.1,0
48.181832,11.613805,10.1,205.152
48.181832,11.613805,10.1,0
48.181832,11.613805,10.1,5.8
48.181833,11.613806,10.2,0
48.181833,11.613806,10.2,107.112
48.181833,11.613806,10.3,0
48.181833,11.613806,10.4,0
48.181833,11.613806,10.4,0
48.181833,11.613806,10.4,59.752
48.181833,11.613806,10.4,0
48.181833,11.613806,10.4,0
48.181833,11.613805,10.3,36.808
48.181833,11.613805,10.3,0
48.181834,11.613805,10.3,34.976
48.181834,11.613805,10.3,0
48.181834,11.613805,10.3,68.376
48.181834,11.613805,10.3,0
48.181834,11.613805,10.3,0
48.181835,11.613805,10.3,0
48.181835,11.613804,10.3,0
48.181835,11.613804,10.3,0
48.181835,11.613804,10.3,0
48.181836,11.613804,10.3,0.672
48.181836,11.613804,10.3,0
48.181837,11.613804,10.3,0
48.181837,11.613804,10.3,0
48.181838,11.613805,10.3,0
48.181838,11.613805,10.3,0
48.181838,11.613805,10.4,0
48.181838,11.613804,10.4,0
48.181838,11.613804,10.5,0
48.181838,11.613804,10.7,12.112
48.181838,11.613804,10.9,0
48.181838,11.613804,11.1,0
48.181838,11.613804,11.3,0
48.181838,11.613804,11.5,0
48.181838,11.613804,11.7,32.24
48.181838,11.613804,11.9,0
48.181838,11.613804,12,0
48.181838,11.613804,12.1,0.672
48.181838,11.613805,12.2,0
48.181838,11.613805,12.2,51.224
48.181838,11.613806,12.2,0.672
48.181838,11.613806,12.1,0
48.181838,11.613806,12,1.752
48.181838,11.613806,11.8,0
48.181838,11.613806,11.7,84.744
48.181839,11.613806,11.6,0
48.181839,11.613806,11.5,1.248
48.181839,11.613807,11.4,0
48.181839,11.613807,11.3,0
48.181839,11.613806,11.2,87.176
48.181839,11.613806,11.1,0
48.181839,11.613806,11,0.608
48.181839,11.613806,10.9,1.664
48.181839,11.613806,10.9,0.68
48.18184,11.613806,10.8,86.04
48.181839,11.613807,10.7,0
48.18184,11.613806,10.6,0
48.18184,11.613806,10.5,0
48.18184,11.613806,10.4,0
48.18184,11.613806,10.3,81.528
48.18184,11.613806,10.3,0
48.18184,11.613806,10.2,0
48.18184,11.613806,10.2,53.776
48.181839,11.613806,10.2,0
48.181839,11.613806,10.1,77.16
48.181839,11.613805,10.2,0
48.181839,11.613805,10.2,0
48.181839,11.613805,10.2,88.976
48.181839,11.613805,10.2,0
48.181839,11.613805,10.2,102.304
48.181839,11.613805,10.2,0
48.181839,11.613805,10.2,0
48.181839,11.613805,10.2,52.56
48.181839,11.613805,10.2,0.632
48.181839,11.613805,10.2,100.88
48.181839,11.613806,10.2,0
48.181838,11.613807,10.2,0
48.181838,11.613808,10.2,0
48.181838,11.613808,10.2,141.848
48.181838,11.613809,10.2,48.448
48.181838,11.61381,10.2,0
48.181838,11.613812,10.2,0
48.181837,11.613813,10.2,59.496
48.181837,11.613814,10.2,0
48.181837,11.613816,10.2,58.056
48.181836,11.613817,10.2,0
48.181836,11.613819,10.2,0
48.181836,11.61382,10.2,43.896
48.181836,11.613822,10.2,0.672
48.181835,11.613823,10.2,62.88
48.181835,11.613825,10.2,0.928
48.181834,11.613827,10.2,0
48.181834,11.613829,10.2,75.512
48.181834,11.613831,10.2,1.752
48.181833,11.613833,10.2,46.8
48.181833,11.613835,10.2,0.688
48.181832,11.613837,10.2,0.632
48.181832,11.613839,10.2,12.112
48.181832,11.613841,10.2,0
48.181831,11.613844,10.2,12.112
48.18183,11.613846,10.2,0
48.181829,11.613849,10.2,0
48.181829,11.613851,10.2,67.112
48.181828,11.613854,10.3,1.664
48.181828,11.613856,10.3,12.112
48.181827,11.613858,10.3,0
48.181826,11.613861,10.3,0
48.181825,11.613863,10.3,80.112
48.181825,11.613866,10.3,0
48.181824,11.613869,10.3,48.448
48.181823,11.613871,10.3,0
48.181823,11.613874,10.2,0
48.181821,11.613879,10.3,0
48.18182,11.613882,10.2,0
48.181818,11.613891,10.3,0
48.181817,11.613893,10.3,0
48.181817,11.613896,10.3,0
48.181816,11.613899,10.3,0
48.181815,11.613902,10.3,0
48.181814,11.613905,10.3,32.912
48.181814,11.613908,10.4,0
48.181813,11.613911,10.4,0
48.181812,11.613914,10.4,19.88
48.181812,11.613917,10.4,0
48.181811,11.61392,10.4,33.792
48.18181,11.613923,10.4,0
48.18181,11.613925,10.4,0
48.181809,11.613928,10.3,51.248
48.181809,11.613929,10.3,0
48.181809,11.61393,10.3,69.576
48.181808,11.613931,10.3,0
48.181808,11.613932,10.3,0
48.181808,11.613932,10.3,0
48.181807,11.613932,10.3,0
48.181807,11.613932,10.4,195.392
48.181807,11.613932,10.3,84.344
48.181807,11.613932,10.3,0.672
48.181807,11.613932,10.3,39.944
48.181807,11.613932,10.3,5.16
48.181807,11.613931,10.3,4.976
48.181807,11.613932,10.3,5.152
48.181807,11.613932,10.3,10.568
48.181807,11.613932,10.3,17.056
48.181807,11.613932,10.3,4.264
48.181807,11.613932,10.3,87.776
48.181807,11.613932,10.3,6.28
48.181807,11.613932,10.3,5.256
48.181807,11.613932,10.3,4.256
48.181807,11.613932,10.3,4.376
48.181807,11.613932,10.3,60.56
48.181807,11.613932,10.3,0
48.181808,11.613932,10.3,0.728
48.181807,11.613932,10.3,98.896
48.181808,11.613932,10.3,142.744
48.181808,11.613932,10.3,57.248
48.181808,11.613933,10.2,1.296
48.181808,11.613933,10.2,0
48.181809,11.613933,10.2,50.64
48.181809,11.613934,10.2,0
48.18181,11.613934,10.2,36.336
48.181811,11.613935,10.2,39
48.181811,11.613935,10.2,0
48.181812,11.613936,10.2,32.72
48.181813,11.613937,10.2,0
48.181814,11.613938,10.2,42.632
48.181814,11.613939,10.2,0
48.181816,11.613939,10.2,102.808
48.181817,11.61394,10.2,12.112
48.181818,11.613941,10.2,0
48.181819,11.613942,10.2,12.112
48.18182,11.613943,10.2,0
48.181821,11.613944,10.2,0.608
48.181822,11.613945,10.2,24.224
48.181823,11.613947,10.2,0
48.181824,11.613948,10.3,12.84
48.181826,11.61395,10.3,0
48.181827,11.613951,10.3,0
48.181828,11.613952,10.3,89.16
48.18183,11.613954,10.3,0
48.181831,11.613955,10.3,0.624
48.181832,11.613956,10.3,0.672
48.181834,11.613958,10.3,0
48.181835,11.613959,10.3,198.352
48.181837,11.613961,10.3,0
48.181839,11.613962,10.3,12.112
48.18184,11.613964,10.3,0
48.181842,11.613965,10.3,0
48.181843,11.613967,10.3,12.112
48.181845,11.613968,10.3,0
48.181847,11.61397,10.3,60.56
48.181848,11.613972,10.3,12.112
48.18185,11.613974,10.3,238.104
48.181852,11.613975,10.3,15.984
48.181853,11.613977,10.3,0
48.181855,11.613979,10.3,12.112
48.181857,11.61398,10.3,17.472
48.181858,11.613982,10.3,0
48.18186,11.613984,10.3,49.128
48.181861,11.613986,10.3,55.776
48.181863,11.613988,10.3,0
48.181865,11.61399,10.3,0
48.181867,11.613992,10.3,0
48.181868,11.613993,10.3,65.736
48.18187,11.613995,10.3,0
48.181872,11.613997,10.3,0
48.181874,11.613999,10.3,71.952
48.181875,11.614001,10.3,52.664
48.181877,11.614003,10.3,109.008
48.181879,11.614005,10.3,0
48.181881,11.614007,10.3,0
48.181883,11.614009,10.3,0
48.181885,11.614011,10.3,0
48.181887,11.614013,10.3,86.096
48.181888,11.614015,10.3,0
48.18189,11.614017,10.3,0
48.181892,11.614019,10.3,48.968
48.181894,11.614021,10.3,0
48.181896,11.614023,10.3,24.224
48.181898,11.614025,10.3,59.904
48.1819,11.614027,10.3,0.608
48.181902,11.61403,10.3,66.928
48.181904,11.614032,10.3,0
48.181906,11.614034,10.3,36.336
48.181908,11.614036,10.3,0
48.18191,11.614038,10.3,0
48.181912,11.61404,10.3,0
48.181913,11.614042,10.3,0
48.181915,11.614044,10.3,48.448
48.181917,11.614047,10.3,0
48.181919,11.614049,10.3,0
48.181921,11.614051,10.3,137.408
48.181923,11.614053,10.3,0.672
48.181925,11.614055,10.3,24.224
48.181927,11.614057,10.3,0
48.181929,11.614059,10.3,0
48.181931,11.614061,10.3,24.224
48.181933,11.614064,10.3,27.168
48.181935,11.614066,10.3,60.56
48.181937,11.614068,10.2,0
48.181939,11.61407,10.3,0
48.181941,11.614073,10.3,64.232
48.181943,11.614075,10.3,0
48.181945,11.614077,10.3,24.224
48.181947,11.614079,10.3,0
48.181949,11.614081,10.3,24.224
48.181951,11.614084,10.3,49.76
48.181953,11.614086,10.3,24.224
48.181955,11.614088,10.3,21.504
48.181957,11.61409,10.3,12.112
48.181959,11.614092,10.3,0
48.181963,11.614097,10.3,0
48.181966,11.6141,10.3,0
48.181968,11.614101,10.3,0
48.181969,11.614103,10.3,0
48.181971,11.614105,10.3,0
48.181972,11.614106,10.3,0
48.181973,11.614107,10.3,0
48.181974,11.614109,10.2,12.112
48.181976,11.61411,10.2,12.112
48.181977,11.614112,10.2,15.6
48.181979,11.614113,10.2,12.112
48.18198,11.614115,10.1,31.76
48.181982,11.614117,10.1,0
48.181983,11.614119,10.1,0
48.181985,11.61412,10.1,25.624
48.181987,11.614122,10.1,0
48.181988,11.614124,10.1,0
48.18199,11.614125,10.2,0
48.181992,11.614127,10.1,0
48.181993,11.614129,10.2,60.56
48.181995,11.614131,10.2,12.08
48.181997,11.614133,10.2,60.752
48.181998,11.614134,10.1,0
48.182,11.614136,10.2,0
48.182001,11.614138,10.2,54.632
48.182003,11.61414,10.2,0
48.182005,11.614142,10.2,12.112
48.182006,11.614144,10.2,24.224
48.182008,11.614146,10.2,54.648
48.18201,11.614147,10.2,0
48.182011,11.614149,10.2,24.224
48.182013,11.614151,10.2,4.056
48.182015,11.614153,10.2,8.664
48.182016,11.614155,10.2,15.6
48.182018,11.614156,10.2,12.112
48.18202,11.614158,10.2,12.696
48.182022,11.61416,10.2,0
48.182024,11.614162,10.2,0
48.182025,11.614164,10.2,0
48.182027,11.614166,10.2,0
48.182029,11.614168,10.2,0
48.182031,11.61417,10.2,0
48.182033,11.614172,10.2,0
48.182041,11.614181,10.3,12.112
48.182043,11.614183,10.3,16.232
48.182046,11.614187,10.3,9.304
48.182048,11.61419,10.3,9.296
48.18205,11.614192,10.3,0
48.182052,11.614194,10.3,0
48.182054,11.614196,10.3,0
48.182056,11.614198,10.3,35.272
48.182058,11.614201,10.2,0
48.18206,11.614203,10.2,0
48.182062,11.614205,10.2,0
48.182064,11.614208,10.2,0
48.182066,11.61421,10.2,34.016
48.182068,11.614212,10.3,0
48.18207,11.614214,10.3,0
48.182072,11.614217,10.3,40.04
48.182074,11.614219,10.3,0
48.182076,11.614221,10.3,49.52
48.182077,11.614223,10.3,0
48.182079,11.614224,10.3,0
48.182079,11.614226,10.3,0
48.18208,11.614227,10.3,54.6
48.18208,11.614227,10.3,12.112
48.18208,11.614228,10.3,77.8
48.182081,11.614229,10.3,0.728
48.182081,11.61423,10.3,0
48.182081,11.61423,10.2,0.608
48.182081,11.61423,10.2,84.392
48.18208,11.61423,10.2,0
48.18208,11.61423,10.1,0
48.18208,11.61423,10.1,48.448
48.18208,11.61423,10.1,0
48.182079,11.61423,10.1,215.304
48.18208,11.61423,10.1,1.552
48.182079,11.61423,10.1,0
48.182079,11.614231,10.1,20.016
48.182079,11.614231,10.1,15.6
48.182079,11.614231,10.2,20.72
48.182079,11.614231,10.3,0
48.182079,11.614231,10.4,0.632
48.182079,11.614231,10.5,0
48.182079,11.61423,10.7,66.4
48.182079,11.61423,10.9,0
48.182079,11.61423,11.2,0
48.182079,11.61423,11.3,0
48.182079,11.61423,11.6,0
48.182079,11.61423,11.8,53.704
48.18208,11.61423,12,0
48.18208,11.61423,12.2,0
48.18208,11.614231,12.4,56.368
48.18208,11.614231,12.6,0
48.18208,11.614231,12.8,69.944
48.18208,11.614231,13,62.072
48.18208,11.614231,13.1,0
48.18208,11.614231,13.4,62.696
48.18208,11.614231,13.6,0
48.18208,11.614231,13.8,12.112
48.18208,11.614231,14,0
48.18208,11.614231,14.1,0
48.18208,11.614231,14.3,60.56
48.18208,11.614231,14.5,0
48.18208,11.614231,14.7,60.56
48.18208,11.614231,14.9,0
48.18208,11.614231,15,0
48.18208,11.614231,15.2,105.912
48.18208,11.614231,15.4,0
48.18208,11.614231,15.6,99.384
48.18208,11.614231,15.8,0
48.18208,11.614231,16,0
48.18208,11.614231,16.2,58.568
48.18208,11.614231,16.4,0
48.18208,11.614231,16.6,12.112
48.18208,11.614231,16.8,0
48.18208,11.614231,17,0
48.18208,11.614231,17.2,74.272
48.18208,11.614231,17.4,0
48.18208,11.614231,17.6,96.896
48.18208,11.614231,17.8,0
48.18208,11.614231,17.9,0
48.18208,11.614231,18.1,131.712
48.18208,11.614231,18.3,0
48.18208,11.614231,18.5,12.112
48.18208,11.614231,18.7,0
48.18208,11.614231,18.9,0
48.182079,11.614231,19.1,108.92
48.182079,11.614231,19.3,0
48.182079,11.614231,19.5,24.224
48.182079,11.614231,19.7,0
48.182079,11.614231,19.9,0
48.182079,11.614231,20.1,102.016
48.182079,11.614231,20.3,0
48.182079,11.614231,20.5,0
48.182079,11.614232,20.7,0
48.182079,11.614232,20.9,0
48.182079,11.614232,21.1,12.784
48.182079,11.614232,21.3,163.152
48.182079,11.614232,21.5,13.376
48.182079,11.614232,21.7,2.32
48.182079,11.614232,21.9,0
48.182079,11.614232,22.1,53.76
48.182079,11.614232,22.3,0.632
48.182079,11.614232,22.5,0
48.182079,11.614232,22.7,0
48.182079,11.614232,22.9,0
48.182078,11.614232,23.1,66.632
48.182078,11.614232,23.3,0
48.182078,11.614232,23.5,5.416
48.182078,11.614232,23.7,20.808
48.182078,11.614232,23.9,82.856
48.182078,11.614232,24.1,0
48.182078,11.614232,24.3,19.832
48.182078,11.614231,24.5,115.728
48.182078,11.614231,24.7,33.144
48.182078,11.614232,24.9,0
48.182078,11.614232,25.1,96.896
48.182078,11.614232,25.3,0
48.182078,11.614232,25.4,0.608
48.182078,11.614231,25.6,0
48.182078,11.614231,25.7,0
48.182078,11.614232,25.7,96.048
48.182078,11.614232,25.8,0
48.182078,11.614232,25.8,0.688
48.182078,11.614232,25.8,0
48.182078,11.614232,25.8,0
48.182078,11.614232,25.8,17.568
48.182078,11.614232,25.8,4.24
48.182078,11.614232,25.7,5.664
48.182078,11.614232,25.8,139.16
48.182077,11.614232,25.7,4.12
48.182077,11.614232,25.8,90.848
48.182077,11.614232,25.8,30.552
48.182077,11.614232,25.8,5.432
48.182077,11.614232,25.8,96.896
48.182077,11.614232,25.8,4.384
48.182077,11.614231,25.8,60.56
48.182076,11.614231,25.8,30.336
48.182076,11.614231,25.8,0
48.182075,11.61423,25.8,75.272
48.182075,11.61423,25.9,0
48.182074,11.614229,25.9,36.336
48.182073,11.614228,25.9,0
48.182072,11.614228,25.9,0
48.182071,11.614227,25.9,25.296
48.18207,11.614226,25.9,46.8
48.182069,11.614225,25.9,12.112
48.182068,11.614224,25.9,0
48.182067,11.614223,25.8,0
48.182066,11.614222,25.8,61.432
48.182065,11.614221,25.8,0
48.182064,11.61422,25.8,12.112
48.182063,11.614219,25.8,12.112
48.182062,11.614218,25.8,16.872
48.182059,11.614215,25.8,12.112
48.18206,11.614217,25.8,48.448
48.182058,11.614214,25.8,0
48.182056,11.614213,25.8,11.728
48.182055,11.614211,25.8,0
48.182053,11.61421,25.8,0
48.182052,11.614208,25.8,0
48.18205,11.614207,25.9,0
48.182049,11.614206,25.9,0
48.182048,11.614205,25.9,0
48.182047,11.614204,25.9,0
48.182047,11.614203,25.9,0
48.182043,11.614199,25.9,0
48.182042,11.614198,25.9,7.8
48.182041,11.614196,25.9,24.224
48.18204,11.614195,25.8,0
48.182039,11.614193,25.8,49.2
48.182037,11.614192,25.8,33.456
48.182036,11.614191,25.8,47.376
48.182034,11.614189,25.8,0
48.182033,11.614187,25.8,0
48.182032,11.614186,25.8,0
48.18203,11.614184,25.8,21.328
48.182029,11.614182,25.8,46.992
48.182027,11.614181,25.8,0
48.182026,11.614179,25.8,12.112
48.182024,11.614177,25.8,149.416
48.182023,11.614176,25.8,0
48.182022,11.614174,25.8,12.112
48.18202,11.614172,25.8,0
48.182018,11.614171,25.8,0
48.182017,11.614169,25.8,54.6
48.182015,11.614167,25.8,0
48.182013,11.614165,25.8,65.344
48.182011,11.614163,25.8,0
48.18201,11.614162,25.8,12.112
48.182008,11.61416,25.8,0
48.182005,11.614156,25.8,0
48.182003,11.614154,25.8,0
48.182001,11.614153,25.7,74.456
48.182,11.61415,25.7,0
48.181998,11.614148,25.7,0
48.181996,11.614147,25.7,44.888
48.181994,11.614145,25.7,1.264
48.181993,11.614143,25.7,1.752
48.181991,11.614141,25.7,12.112
48.181989,11.614139,25.7,0
48.181987,11.614137,25.7,0
48.181985,11.614135,25.7,0
48.181983,11.614133,25.7,0
48.181981,11.614131,25.7,32.816
48.181979,11.614129,25.7,0
48.181977,11.614126,25.7,12.112
48.181975,11.614124,25.7,0
48.181974,11.614122,25.7,1.664
48.181972,11.61412,25.7,0
48.18197,11.614118,25.7,0
48.181968,11.614116,25.7,31.064
48.181966,11.614114,25.7,0
48.181964,11.614112,25.7,0
48.181962,11.61411,25.7,0
48.18196,11.614108,25.7,0
48.181958,11.614106,25.7,91.704
48.181956,11.614104,25.7,0
48.181954,11.614102,25.7,0
48.181952,11.6141,25.7,0
48.18195,11.614097,25.7,0
48.181948,11.614095,25.7,77.728
48.181946,11.614093,25.7,0
48.181944,11.614091,25.7,0
48.181942,11.614089,25.7,59.672
48.18194,11.614087,25.7,0
48.181938,11.614085,25.7,0
48.181936,11.614082,25.7,0
48.181934,11.61408,25.7,0
48.181932,11.614078,25.7,109.664
48.18193,11.614076,25.7,0
48.181928,11.614073,25.7,138.264
48.181926,11.614071,25.7,116.328
48.181924,11.614069,25.7,60.56
48.181922,11.614067,25.7,0
48.18192,11.614065,25.7,142.72
48.181917,11.614062,25.7,12.112
48.181915,11.61406,25.7,0
48.181913,11.614058,25.7,0
48.181911,11.614056,25.7,12.112
48.18191,11.614054,25.7,0
48.181907,11.614051,25.7,12.112
48.181906,11.61405,25.7,0
48.181903,11.614047,25.7,0.624
48.181902,11.614045,25.7,47.224
48.181899,11.614043,25.7,0
48.181897,11.614041,25.7,0
48.181895,11.614039,25.7,0.672
48.181893,11.614037,25.7,0.632
48.181891,11.614035,25.7,24.224
48.181889,11.614033,25.7,0
48.181887,11.614031,25.7,0
48.181885,11.614029,25.7,0.632
48.181883,11.614027,25.7,7.8
48.181881,11.614025,25.7,108.568
48.181879,11.614023,25.7,0
48.181877,11.614021,25.7,79.376
48.181875,11.614019,25.7,0
48.181873,11.614017,25.7,0
48.181871,11.614015,25.7,20.72
48.181869,11.614013,25.7,5.096
48.181867,11.614011,25.7,0
48.181865,11.614009,25.7,0
48.181863,11.614008,25.7,8.624
48.181861,11.614006,25.7,0
48.181859,11.614004,25.7,0
48.181856,11.614002,25.7,36.336
48.181854,11.614,25.7,9.68
48.181852,11.613998,25.7,4.568
48.18185,11.613996,25.7,72
48.181848,11.613995,25.7,5.288
48.181846,11.613993,25.7,17.488
48.181844,11.613991,25.7,4.384
48.181842,11.613989,25.7,25.752
48.18184,11.613987,25.7,57.944
48.181838,11.613985,25.7,3.984
48.181836,11.613984,25.8,5.392
48.181834,11.613982,25.7,0
48.181832,11.61398,25.7,4.376
48.18183,11.613978,25.8,77.928
48.181828,11.613976,25.8,46.624
48.181826,11.613975,25.8,0
48.181824,11.613973,25.8,54.36
48.181822,11.613971,25.8,0
48.181819,11.613969,25.8,60.56
48.181817,11.613968,25.7,0
48.181815,11.613966,25.7,0
48.181813,11.613964,25.7,116.688
48.181811,11.613962,25.7,0
48.181809,11.61396,25.7,0
48.181807,11.613959,25.7,0.728
48.181804,11.613957,25.7,0
48.181802,11.613955,25.7,23.568
48.1818,11.613954,25.7,0
48.181798,11.613951,25.6,37.032
48.181796,11.61395,25.7,18.232
48.181794,11.613948,25.6,0
48.181792,11.613946,25.6,21.488
48.18179,11.613945,25.6,0
48.181788,11.613943,25.6,22.88
48.181786,11.613942,25.6,0
48.181785,11.613941,25.6,0
48.181784,11.613941,25.6,0
48.181783,11.61394,25.6,0
48.181783,11.61394,25.7,53.968
48.181783,11.61394,25.6,0
48.181783,11.613939,25.6,36.336
48.181783,11.613939,25.7,24.224
48.181783,11.613939,25.7,0
48.181783,11.613939,25.7,45.976
48.181783,11.613939,25.6,0
48.181783,11.613939,25.6,1.752
48.181783,11.613939,25.6,0
48.181783,11.613939,25.6,106.464
48.181783,11.613939,25.6,0
48.181784,11.613939,25.6,0
48.181784,11.613939,25.6,0
48.181784,11.613939,25.6,0
48.181784,11.613939,25.6,0.928
48.181784,11.613939,25.6,0
48.181784,11.613939,25.6,25.928
48.181784,11.613939,25.6,0
48.181784,11.613939,25.6,0
48.181784,11.613939,25.7,1.24
48.181784,11.613939,25.8,0
48.181784,11.613939,26,0
48.181784,11.613939,26.2,0
48.181784,11.613939,26.3,16.488
48.181784,11.613939,26.6,0
48.181784,11.613939,26.7,45.36
48.181784,11.613939,26.9,0
48.181784,11.613939,27.1,0
48.181784,11.613939,27.3,0
48.181784,11.61394,27.5,0
48.181784,11.61394,27.7,32.304
48.181784,11.61394,27.8,0
48.181784,11.61394,28,0
48.181784,11.61394,28.2,0
48.181784,11.61394,28.4,0
48.181784,11.61394,28.6,31.16
48.181784,11.613941,28.8,0
48.181784,11.613941,29,0
48.181784,11.613941,29.2,24.224
48.181784,11.613941,29.4,0
48.181784,11.613941,29.5,36.336
48.181784,11.613941,29.8,12.112
48.181784,11.613941,29.9,0
48.181784,11.613941,30.1,36.336
48.181784,11.613942,30.3,0
48.181784,11.613942,30.5,35.68
48.181784,11.613942,30.7,0.672
48.181784,11.613942,30.9,0
48.181784,11.613942,31.1,34.36
48.181784,11.613942,31.3,0
48.181784,11.613942,31.4,12.112
48.181784,11.613942,31.6,0
48.181784,11.613942,31.8,0
48.181784,11.613942,32,21.032
48.181784,11.613942,32.2,0
48.181784,11.613942,32.4,24.224
48.181784,11.613941,32.6,0
48.181784,11.613941,32.8,0
48.181784,11.613941,33,37.008
48.181784,11.613941,33.2,0
48.181784,11.613941,33.4,0
48.181784,11.613941,33.6,0
48.181784,11.613941,33.8,0
48.181784,11.613941,34,0.624
48.181784,11.613941,34.2,0
48.181784,11.613941,34.4,12.112
48.181784,11.613941,34.6,23.528
48.181784,11.613941,34.8,0.672
48.181784,11.613941,35,36.992
48.181784,11.613941,35.2,1.752
48.181784,11.613941,35.4,12.112
48.181784,11.613941,35.6,0
48.181784,11.613941,35.8,0
48.181784,11.613941,36,53.312
48.181784,11.613941,36.2,0
48.181784,11.613941,36.4,0
48.181784,11.613941,36.6,34.376
48.181784,11.613941,36.8,30.4
48.181783,11.613941,37,84.784
48.181783,11.613941,37.2,1.664
48.181784,11.61394,37.4,0
48.181783,11.61394,37.6,51.568
48.181783,11.61394,37.8,0
48.181783,11.61394,38,36.336
48.181783,11.61394,38.1,0
48.181783,11.61394,38.3,0
48.181783,11.61394,38.5,13.272
48.181783,11.61394,38.7,0
48.181783,11.61394,38.9,36.336
48.181783,11.61394,39.1,0
48.181783,11.61394,39.3,0
48.181783,11.61394,39.5,0
48.181783,11.61394,39.7,24.224
48.181783,11.61394,39.9,0
48.181783,11.61394,40.1,18.152
48.181783,11.61394,40.3,1.28
48.181783,11.61394,40.5,12.112
48.181783,11.61394,40.7,6.496
48.181783,11.61394,40.9,0
48.181783,11.61394,41.1,22.376
48.181783,11.61394,41.3,0
48.181783,11.61394,41.5,28.856
48.181783,11.61394,41.7,0
48.181783,11.61394,41.9,12.112
48.181783,11.61394,42.1,1.248
48.181783,11.61394,42.4,0
48.181783,11.61394,42.6,13.432
48.181783,11.61394,42.8,0.624
48.181783,11.61394,43,58.376
48.181783,11.61394,43.2,0
48.181783,11.61394,43.4,12.784
48.181783,11.61394,43.6,60.616
48.181783,11.61394,43.8,3.92
48.181783,11.61394,44,65.448
48.181783,11.61394,44.2,4.432
48.181783,11.61394,44.4,5.744
48.181783,11.61394,44.6,72.672
48.181783,11.61394,44.8,6.768
48.181783,11.61394,45,4.384
48.181783,11.61394,45.2,78.624
48.181783,11.61394,45.4,4.384
48.181783,11.61394,45.6,24.224
48.181783,11.61394,45.8,4.248
48.181783,11.61394,46,12.112
48.181783,11.61394,46.2,4.512
48.181783,11.61394,46.4,0
48.181783,11.61394,46.6,60.56
48.181783,11.61394,46.8,0
48.181783,11.61394,47,0
48.181783,11.61394,47.2,46.64
48.181783,11.61394,47.4,0
48.181783,11.61394,47.6,1.752
48.181783,11.61394,47.8,24.224
48.181783,11.61394,48,12.784
48.181783,11.61394,48.2,12.112
48.181783,11.61394,48.3,23.744
48.181783,11.61394,48.5,20.736
48.181783,11.613939,48.7,0
48.181783,11.61394,48.8,12.112
48.181783,11.61394,48.9,12.112
48.181783,11.61394,49,12.112
48.181783,11.61394,49.1,0
48.181783,11.61394,49.1,12.112
48.181783,11.61394,49.2,0
48.181783,11.61394,49.3,20.736
48.181783,11.61394,49.4,12.112
48.181783,11.61394,49.4,0
48.181783,11.61394,49.5,19.768
48.181783,11.61394,49.5,0
48.181783,11.61394,49.6,25.976
48.181783,11.613939,49.6,12.848
48.181783,11.613939,49.6,24.224
48.181783,11.613939,49.7,12.112
48.181783,11.613939,49.7,0
48.181783,11.613939,49.7,0
48.181783,11.613939,49.7,12.112
48.181783,11.613939,49.7,24.224
48.181783,11.613939,49.7,0
48.181782,11.613939,49.7,12.112
48.181782,11.613939,49.7,25.472
48.181782,11.613939,49.7,12.112
48.181782,11.613939,49.7,22.256
48.181782,11.613939,49.7,4.176
48.181782,11.613939,49.7,24.224
48.181782,11.613939,49.7,13.368
48.181782,11.613939,49.7,0
48.181782,11.613939,49.7,0
48.181782,11.613939,49.7,24.224
48.181782,11.613939,49.7,12.8
48.181782,11.613939,49.7,13.36
48.181782,11.613939,49.7,20.736
48.181782,11.613939,49.7,12.112
48.181783,11.61394,49.7,0
48.181783,11.61394,49.8,12.112
48.181784,11.613941,49.8,24.224
48.181784,11.613941,49.8,12.112
48.181785,11.613942,49.8,0
48.181785,11.613942,49.8,20.736
48.181786,11.613943,49.8,0
48.181787,11.613944,49.8,19.488
48.181788,11.613945,49.8,0
48.181789,11.613946,49.8,29.904
48.181789,11.613947,49.8,12.112
48.18179,11.613948,49.8,0
48.181791,11.613948,49.8,12.112
48.181792,11.61395,49.8,0
48.181794,11.613951,49.8,12.112
48.181795,11.613952,49.8,12.112
48.181796,11.613953,49.8,0
48.181797,11.613954,49.8,12.112
48.181798,11.613956,49.9,36.336
48.1818,11.613957,49.9,0
48.181801,11.613958,49.9,0
48.181802,11.61396,49.8,0
48.181804,11.613961,49.8,12.112
48.181805,11.613963,49.8,0
48.181806,11.613964,49.8,12.112
48.181808,11.613966,49.8,12.112
48.181809,11.613967,49.8,0
48.181811,11.613969,49.8,16.544
48.181812,11.61397,49.8,24.224
48.181814,11.613972,49.8,24.224
48.181815,11.613974,49.8,0
48.181817,11.613975,49.8,0
48.181818,11.613977,49.8,12.112
48.18182,11.613979,49.8,0
48.181822,11.613981,49.8,6.328
48.181823,11.613983,49.8,12.112
48.181825,11.613984,49.8,0
48.181827,11.613986,49.7,24.224
48.181828,11.613988,49.7,12.112
48.18183,11.61399,49.7,0
48.181832,11.613992,49.7,36.336
48.181834,11.613994,49.8,20.576
48.181835,11.613996,49.7,24.224
48.181837,11.613998,49.7,8.816
48.181839,11.614,49.7,12.112
48.181841,11.614002,49.7,1.352
48.181843,11.614004,49.7,0
48.181845,11.614006,49.7,36.336
48.181846,11.614008,49.8,0
48.181848,11.61401,49.8,12.112
48.18185,11.614012,49.8,48.448
48.181852,11.614014,49.8,1.664
48.181854,11.614016,49.7,0
48.181855,11.614018,49.7,0
48.181857,11.61402,49.7,12.112
48.181859,11.614022,49.7,8.624
48.181861,11.614024,49.7,0
48.181863,11.614027,49.7,12.112
48.181865,11.614029,49.7,0
48.181867,11.614031,49.7,12.112
48.181868,11.614032,49.7,15.552
48.18187,11.614035,49.7,12.112
48.181872,11.614037,49.7,0
48.181874,11.614039,49.7,24.224
48.181876,11.614042,49.7,0
48.181878,11.614044,49.7,24.224
48.18188,11.614046,49.7,0
48.181882,11.614048,49.7,0
48.181884,11.61405,49.7,12.112
48.181886,11.614053,49.7,0
48.181888,11.614055,49.7,0
48.18189,11.614057,49.7,3.984
48.181892,11.61406,49.7,8.624
48.181894,11.614062,49.7,0
48.181896,11.614064,49.7,0
48.181898,11.614066,49.7,12.112
48.1819,11.614068,49.7,9.264
48.181902,11.61407,49.7,0
48.181904,11.614073,49.7,4.456
48.181906,11.614075,49.7,12.112
48.181908,11.614077,49.7,0
48.18191,11.614079,49.7,5.696
48.181912,11.614081,49.7,12.112
48.181914,11.614084,49.7,0
48.181916,11.614086,49.7,0
48.181918,11.614089,49.7,0
48.18192,11.61409,49.7,0
48.181922,11.614093,49.7,0
48.181924,11.614095,49.7,0
48.181926,11.614097,49.7,12.112
48.181929,11.6141,49.7,0
48.181931,11.614102,49.7,0
48.181933,11.614104,49.7,34.216
48.181935,11.614106,49.7,0
48.181937,11.614108,49.7,0
48.181939,11.614111,49.7,12.112
48.181941,11.614113,49.7,0
48.181943,11.614115,49.7,0
48.181945,11.614118,49.7,36.336
48.181949,11.614122,49.7,0
48.181951,11.614124,49.7,4.496
48.181953,11.614127,49.7,12.112
48.181955,11.614129,49.7,0
48.181957,11.614132,49.7,0
48.181959,11.614134,49.7,0
48.181961,11.614136,49.6,0
48.181964,11.614139,49.6,0
48.181966,11.614141,49.6,0
48.181968,11.614143,49.6,0
48.181947,11.61412,49.7,12.112
48.181969,11.614145,49.6,0
48.181971,11.614147,49.6,0
48.181973,11.61415,49.6,0
48.181975,11.614152,49.6,0
48.181978,11.614154,49.7,0
48.18198,11.614157,49.6,0
48.181982,11.614159,49.6,0
48.181984,11.614161,49.7,0
48.181986,11.614164,49.6,0
48.181988,11.614166,49.6,0
48.18199,11.614168,49.6,0
48.181992,11.614171,49.6,24.224
48.181994,11.614173,49.6,0
48.181996,11.614175,49.6,0
48.181998,11.614178,49.6,0
48.182009,11.614189,49.6,0
48.182011,11.614191,49.6,0
48.182013,11.614193,49.6,0
48.182015,11.614195,49.6,0
48.182017,11.614198,49.6,0
48.182019,11.6142,49.6,0
48.182021,11.614202,49.6,0
48.182023,11.614204,49.6,0
48.182025,11.614207,49.6,0
48.182027,11.614209,49.6,0
48.182029,11.614211,49.6,0
48.182031,11.614213,49.6,0
48.182033,11.614216,49.6,6.032
48.182035,11.614218,49.6,12.112
48.182037,11.61422,49.6,0
48.182039,11.614223,49.6,0
48.182041,11.614225,49.6,0
48.182043,11.614227,49.6,0
48.182045,11.614229,49.6,61.16
48.182047,11.614232,49.6,0
48.182049,11.614234,49.6,5.848
48.182052,11.614237,49.6,5.136
48.182054,11.614239,49.6,0
48.182056,11.614241,49.6,0
48.182058,11.614243,49.6,0
48.18206,11.614246,49.6,0
48.182062,11.614248,49.6,0
48.182064,11.61425,49.6,0
48.182066,11.614252,49.6,0
48.182067,11.614254,49.6,0
48.182069,11.614256,49.6,0
48.182071,11.614258,49.6,0
48.182072,11.61426,49.6,0
48.182074,11.614262,49.7,0
48.182075,11.614264,49.7,0
48.182077,11.614266,49.7,17.776
48.182079,11.614267,49.6,0
48.18208,11.614269,49.6,0
48.182082,11.614271,49.6,0
48.182083,11.614273,49.6,0
48.182085,11.614275,49.6,0
48.182087,11.614277,49.7,0
48.182088,11.614279,49.7,0
48.18209,11.614281,49.7,0
48.182094,11.614285,49.7,0
48.182095,11.614287,49.7,0
48.182097,11.614289,49.7,0
48.182099,11.614291,49.7,0
48.182101,11.614292,49.7,0
48.182102,11.614294,49.6,0
48.182104,11.614297,49.7,0
48.182092,11.614283,49.7,0
48.182106,11.614299,49.6,0
48.182108,11.6143,49.6,12.112
48.18211,11.614302,49.7,0
48.182112,11.614304,49.6,0
48.182114,11.614306,49.6,0
48.182115,11.614308,49.6,8.896
48.182117,11.61431,49.6,8.624
48.182119,11.614313,49.6,0
48.182121,11.614315,49.6,8.624
48.182123,11.614317,49.6,4.976
48.182125,11.614319,49.6,0
48.182127,11.614321,49.6,0
48.182128,11.614323,49.6,0
48.18213,11.614325,49.6,0
48.182132,11.614327,49.6,0
48.182134,11.614329,49.6,0
48.182135,11.614331,49.6,0
48.182137,11.614333,49.7,0
48.182139,11.614334,49.7,0
48.182141,11.614337,49.7,0
48.182143,11.614339,49.7,0
48.182144,11.614341,49.7,0
48.182146,11.614343,49.7,0
48.182148,11.614345,49.7,0
48.18215,11.614347,49.7,0
48.182152,11.614349,49.7,0
48.182162,11.614363,49.7,23.592
48.182162,11.614363,49.7,0
48.182163,11.614364,49.7,0
48.182163,11.614364,49.7,5.56
48.182163,11.614364,49.7,0
48.182162,11.614364,49.7,0
48.182162,11.614365,49.7,0
48.182162,11.614365,49.6,0
48.182162,11.614365,49.6,0
48.182162,11.614365,49.6,0
48.182162,11.614366,49.6,4.968
48.182161,11.614366,49.6,0
48.182161,11.614366,49.6,0
48.182161,11.614366,49.6,0
48.182161,11.614366,49.6,0
48.18216,11.614366,49.6,0
48.18216,11.614366,49.6,0
48.18216,11.614366,49.6,0
48.18216,11.614366,49.6,0
48.18216,11.614366,49.6,0
48.18216,11.614366,49.6,0
48.18216,11.614366,49.6,21.384
48.18216,11.614366,49.6,0
48.18216,11.614366,49.6,0
48.18216,11.614366,49.6,0
48.18216,11.614366,49.6,0
48.18216,11.614366,49.6,0
48.18216,11.614366,49.6,0
48.18216,11.614366,49.6,0
48.18216,11.614366,49.6,0
48.18216,11.614366,49.6,0
48.18216,11.614366,49.6,0
48.18216,11.614366,49.6,0
48.18216,11.614366,49.6,0
48.18216,11.614366,49.6,0
48.18216,11.614366,49.6,0
48.18216,11.614366,49.6,0
48.18216,11.614366,49.6,21.408
48.18216,11.614365,49.6,58.424
48.18216,11.614365,49.6,49.08
48.18216,11.614365,49.6,17.088
48.182159,11.614365,49.6,0
48.182159,11.614365,49.6,0
48.182159,11.614364,49.6,19.384
48.182159,11.614364,49.6,0
48.182159,11.614364,49.6,5.752
48.182159,11.614364,49.6,20.736
48.182158,11.614364,49.6,0
48.182158,11.614363,49.6,12.112
48.182158,11.614363,49.6,8.624
48.182157,11.614362,49.6,12.112
48.182157,11.614362,49.6,0
48.182157,11.614362,49.6,0
48.182156,11.614361,49.6,12.112
48.182156,11.614361,49.6,0
48.182155,11.61436,49.6,0
48.182155,11.61436,49.6,0
48.182154,11.614359,49.6,0
48.182154,11.614358,49.6,12.112
48.182153,11.614357,49.6,8.624
48.182152,11.614357,49.6,0
48.182151,11.614356,49.6,0
48.182151,11.614355,49.6,0
48.18215,11.614354,49.6,0
48.182149,11.614353,49.6,0
48.182148,11.614352,49.6,0
48.182147,11.614351,49.7,12.112
48.182145,11.61435,49.7,0
48.182144,11.614348,49.7,0
48.182143,11.614348,49.7,0
48.182143,11.614347,49.7,0
48.182143,11.614347,49.8,0
48.182143,11.614347,49.8,0
48.182142,11.614346,49.8,0
48.182143,11.614346,49.7,0
48.182143,11.614346,49.7,0
48.182142,11.614346,49.7,0
48.182142,11.614346,49.7,0
48.182142,11.614345,49.7,0
48.182142,11.614345,49.7,0
48.182142,11.614345,49.7,0
48.182142,11.614345,49.7,0
48.182142,11.614344,49.7,0
48.182142,11.614344,49.7,0
48.182142,11.614344,49.7,0
48.182142,11.614344,49.7,0
48.182142,11.614344,49.7,0
48.182142,11.614344,49.7,0
48.182142,11.614344,49.7,0
48.182142,11.614344,49.7,0
48.182143,11.614344,49.7,0
48.182143,11.614344,49.7,0
48.182143,11.614344,49.7,0
48.182143,11.614344,49.7,0
48.182143,11.614344,49.7,0
48.182143,11.614344,49.7,0
48.182143,11.614344,49.7,15.088
48.182143,11.614344,49.7,0
48.182143,11.614344,49.7,0
48.182144,11.614344,49.7,0
48.182144,11.614344,49.7,13.68
48.182144,11.614345,49.7,14.472
48.182144,11.614345,49.8,25.128
48.182144,11.614344,49.7,25.568
48.182144,11.614345,49.7,0
48.182144,11.614344,49.7,0
48.182144,11.614344,49.7,32.848
48.182144,11.614345,49.7,0
48.182144,11.614345,49.7,0
48.182144,11.614345,49.7,0
48.182145,11.614345,49.7,12.112
48.182145,11.614345,49.7,0.672
48.182145,11.614345,49.7,0
48.182145,11.614345,49.7,0
48.182145,11.614345,49.7,0
48.182145,11.614345,49.7,0
48.182145,11.614345,49.7,0
48.182145,11.614345,49.7,46.32
48.182146,11.614345,49.7,0
48.182146,11.614346,49.7,16.024
48.182146,11.614346,49.7,0.672
48.182146,11.614345,49.7,0
48.182146,11.614345,49.7,36.864
48.182146,11.614345,49.7,5.368
48.182146,11.614345,49.7,12.112
48.182145,11.614345,49.7,23.456
48.182146,11.614345,49.7,5.704
48.182146,11.614345,49.7,40.416
48.182146,11.614345,49.7,0
48.182146,11.614345,49.7,0
48.182146,11.614345,49.7,0
48.182146,11.614345,49.7,8.8
48.182146,11.614345,49.7,40.416
48.182146,11.614345,49.7,7.632
48.182146,11.614345,49.7,4.552
48.182146,11.614345,49.7,0
48.182146,11.614345,49.7,10.016
48.182146,11.614345,49.7,0
48.182146,11.614345,49.7,0
48.182146,11.614345,49.7,0
48.182146,11.614345,49.7,0
48.182146,11.614345,49.7,0
48.182146,11.614345,49.8,24.224
48.182146,11.614345,49.8,0
48.182146,11.614345,49.8,6.44
48.182146,11.614345,49.8,0
48.182146,11.614345,49.8,0
48.182147,11.614345,49.8,0
48.182147,11.614345,49.7,0
48.182147,11.614345,49.7,12.112
